Workbook

Sheet Instrucciones
A1: GAMBITO / GOAL HUNTER — Registro de apuestas
A3: Código de color
A4: Texto AZUL = tú lo escribes a mano.
A5: Texto NEGRO = se calcula solo con fórmula. No lo edites directamente.
A7: mercado vs. mercado_detalle — no son lo mismo
A8: mercado = la apuesta que colocas: Over 0.5 / Over 1 / Over 2.5 / Over 3 (todos leídos como goles restantes desde el minuto de entrada, no goles totales del partido), Ganador del partido, Empata o gana, Tarjeta roja (se usa cuando el catalizador de la entrada es una expulsión — asumimos que abre el partido a un gol más), u Otro.
A9: mercado_detalle = el contexto táctico de la tabla de situaciones (en qué momento y con qué señal entraste), no la apuesta en sí. Si sientes que se solapa con 'estrategia' o con 'mercado', dímelo y lo simplificamos — quedó así por una duda tuya sin resolver del todo.
A11: Columnas calculadas automáticamente
A12: prob_estimada, edge, ev — motor Poisson sobre el xG proyectado desde el minuto de entrada. Se calculan para Over 0.5 / Over 1 / Over 2.5 / Over 3 / Tarjeta roja. Para 'Ganador del partido', 'Empata o gana' y 'Otro' quedan en blanco: esos mercados necesitan una matriz de resultado (local/empate/visitante) que en Sheets es frágil de mantener — calcúlalas aparte o pide que se agregue.
A13: pl — según el valor de 'resultado': Ganada = stake*(cuota-1); Perdida = -stake; Push/Anulada = 0.
A14: clv — solo se calcula si llenas cuota_cierre (normalmente solo cuando pierdes el pronóstico).
A15: pct_00_1 / pct_00_2 — se calculan solas a partir de 'partidos_revisados' y 'partidos_00' que tú cuentas a mano.
... A61: Zona horaria: en Google Sheets ve a Archivo > Configuracion > Zona horaria y elige America/Guayaquil; asi 'dia pasado' coincide con tu dia real.

Sheet Registros
A1: id | B1: estado | C1: fecha | D1: minuto_entrada | E1: score_entrada | F1: partido | G1: liga | H1: favorito | I1: cuota_prepartido | J1: posicion_tabla1 | K1: posicion_tabla2 | L1: partidos_revisados_1 | M1: partidos_00_1 | N1: pct_00_1 | O1: partidos_revisados_2 | P1: partidos_00_2 | Q1: pct_00_2 | R1: lluvia | S1: corners1 | T1: tiros1 | U1: posesion1 | V1: xg1 | W1: corners2 | X1: tiros2 | Y1: posesion2 | Z1: xg2 | AA1: confianza | AB1: mercado | AC1: escenario_entrada | AD1: patron_tipo | AE1: cuota | AF1: stake | AG1: prob_estimada | AH1: edge | AI1: ev | AJ1: estrategia | AK1: minuto_gol | AL1: score_final | AM1: resultado | AN1: cuota_cierre | AO1: clv | AP1: pl | AQ1: observacion | AR1: fecha_cierre | AS1: check_sofascore | AT1: check_flashscore | AU1: check_overlyzer | AV1: check_tarjeta_roja_previa | AW1: check_alineacion_ok | AX1: dia_semana | AY1: nomarco_1 | AZ1: pct_nomarco_1 | BA1: nomarco_2 | BB1: pct_nomarco_2 | BC1: impulso_hubo | BD1: impulso_pensamiento | BE1: impulso_sesgos | BF1: reflexion_seguiste_sistema | BG1: reflexion_rompiste_regla | BH1: reflexion_cual_regla | BI1: reflexion_repetiria | BJ1: reflexion_sesgos | BK1: reflexion_aprendizaje | BL1: icd_calidad | BM1: minuto_inicio_analisis | BN1: minuto_fin_analisis | BO1: evento_durante_analisis | BP1: evento_detalle | BQ1: notas_alineacion_gh | BR1: notas_motivacion_gh

Sheet Scout_Core
A1: id | B1: estado | C1: fecha | D1: partido | E1: liga | F1: forma_l_anot | G1: forma_l_rec | H1: temp_l_anot | I1: temp_l_rec | J1: forma_v_anot | K1: forma_v_rec | L1: temp_v_anot | M1: temp_v_rec | N1: pts_l | O1: pts_v | P1: susp_l | Q1: susp_v | R1: motivacion | S1: sede_neutral | T1: suerte_l | U1: suerte_v | V1: cuota_local | W1: cuota_empate | X1: cuota_visitante | Y1: cuota_over25 | Z1: cuota_under25 | AA1: cuota_btts_si | AB1: cuota_btts_no | AC1: apertura_local | AD1: apertura_visitante | AE1: xgs_local | AF1: xgs_empate | AG1: xgs_visitante | AH1: rho_usado | AI1: lambda_local | AJ1: lambda_visitante | AK1: adjustments_log | AL1: mercado_recomendado | AM1: probabilidad_modelo | AN1: cuota_tomada | AO1: edge | AP1: ev | AQ1: veto | AR1: divergencia_pp | AS1: stake_kelly | AT1: semaforo | AU1: estrategia | AV1: resultado | AW1: pl | AX1: cuota_cierre | AY1: clv | AZ1: observacion | BA1: fecha_cierre | BB1: dia_semana | BC1: notas_alineacion_local | BD1: notas_alineacion_visitante | BE1: notas_sentimiento_local | BF1: notas_sentimiento_visitante | BG1: notas_h2h | BH1: notas_motivacion_contextual | BI1: notas_clima

Sheet Perfil_Ligas
A1: id | B1: liga | C1: fecha_actualizacion | D1: informe_completo | E1: resumen_clave

Sheet Bitacora
A1: Bank roll inicial | B1: stake | C1: BR final planificado | D1: BR final real | E1: Reserva | F1: Dif | G1: Dia | H1: fecha | I1: Meta | J1: Excedente L2 | K1: Saldo L2 cierre | L1: Resultado L2 dia | M1: Saldo L2 vigente | N1: Chequeo | P1: Dia desde el que rige L2 | Q1: Registros con P/L sin dia | R1: Filas con error
A2: 8 | B2: =IF(A2="","",A2/8) -> 1 | C2: =IF(OR(A2="",B2=""),"",A2+B2) -> 9 | D2: =IF(A2="","",A2+SUMIFS(Registros!$AP:$AP,Registros!$C:$C,H2)) -> 8 | E2: =IF(A2="","",ROUND(A2-8*B2,2)) -> 0 | F2: =IF(OR(D2="",C2=""),"",D2-C2) -> -1 | G2: 1 | J2: =IF(OR(H2="",D2="",C2="",G2<$P$2),"",MAX(0,ROUND(D2-C2,2))) | L2: =IF(NOT(ISNUMBER(K2)),"",ROUND(K2-0-N(J2),2)) | M2: =IF(ISNUMBER(K2),K2,0) -> 0 | N2: =IF(AND(H2="",K2=""),"",TRIM(IF(AND(H2<>"",NOT(AND(LEN(H2)=10,MID(H2,5,1)="-",MID(H2,8,1)="-"))),"Fecha con formato invalido (usa AAAA-MM-DD). ","")&IF(AND(H2<>"",COUNTIF($H$2:$H$367,H2)>1),"Fecha repetida en otro dia. ","")&IF(AND(H2<>"",ISNUMBER(B2),ISNUMBER(A2),ABS(B2-A2/8)>0.00001),"Stake distinto de Bank roll/8. ","")&IF(AND(H2<>"",ISNUMBER(E2),ABS(E2)>0.005),"Residuo distinto de 0. ","")&IF(AND(K2<>"",OR(NOT(ISNUMBER(K2)),N(K2)<0)),"Saldo L2 no numerico o negativo. ","")&IF(AND(H2<>"",H2<TEXT(TODAY(),"yyyy-mm-dd"),G2>=$P$2,K2="",OR(N(J2)>0,0>0)),"Falta cerrar el Saldo L2 de este dia. ","")&IF(AND(H2<>"",SUMPRODUCT((Registros!$C$2:$C$3000=H2)*ISTEXT(Registros!$AP$2:$AP$3000))>0),"Hay P/L guardado como texto en Registros (no suma). ",""))) | P2: 1 | Q2: =SUMPRODUCT((Registros!$AP$2:$AP$3000<>"")*(((Registros!$C$2:$C$3000="")+(COUNTIF($H$2:$H$367,Registros!$C$2:$C$3000)=0))>0)) -> 0 | R2: =SUMPRODUCT(--(LEN($N$2:$N$367)>0)) -> 0
A3: =IF(D2="","",IF(G2>=$P$2,MIN(D2,C2),D2)) -> 8 | B3: =IF(A3="","",A3/8) -> 1 | C3: =IF(OR(A3="",B3=""),"",A3+B3) -> 9 | D3: =IF(A3="","",A3+SUMIFS(Registros!$AP:$AP,Registros!$C:$C,H3)) -> 8 | E3: =IF(A3="","",ROUND(A3-8*B3,2)) -> 0 | F3: =IF(OR(D3="",C3=""),"",D3-C3) -> -1 | G3: =IF(G2="","",G2+1) -> 2 | J3: =IF(OR(H3="",D3="",C3="",G3<$P$2),"",MAX(0,ROUND(D3-C3,2))) | L3: =IF(NOT(ISNUMBER(K3)),"",ROUND(K3-N(M2)-N(J3),2)) | M3: =IF(ISNUMBER(K3),K3,N(M2)) -> 0 | N3: =IF(AND(H3="",K3=""),"",TRIM(IF(AND(H3<>"",NOT(AND(LEN(H3)=10,MID(H3,5,1)="-",MID(H3,8,1)="-"))),"Fecha con formato invalido (usa AAAA-MM-DD). ","")&IF(AND(H3<>"",COUNTIF($H$2:$H$367,H3)>1),"Fecha repetida en otro dia. ","")&IF(AND(H3<>"",H2<>"",H3<=H2),"La fecha no es posterior a la del dia anterior. ","")&IF(AND(H3<>"",ISNUMBER(A3),ISNUMBER(D2),ISNUMBER(C2),ABS(A3-IF(G2>=$P$2,MIN(D2,C2),D2))>0.005),"Bank roll inicial no sigue la regla del dia anterior (alguien sobrescribio la formula). ","")&IF(AND(H3<>"",ISNUMBER(B3),ISNUMBER(A3),ABS(B3-A3/8)>0.00001),"Stake distinto de Bank roll/8. ","")&IF(AND(H3<>"",ISNUMBER(E3),ABS(E3)>0.005),"Residuo distinto de 0. ","")&IF(AND(K3<>"",OR(NOT(ISNUMBER(K3)),N(K3)<0)),"Saldo L2 no numerico o negativo. ","")&IF(AND(H3<>"",H3<TEXT(TODAY(),"yyyy-mm-dd"),G3>=$P$2,K3="",OR(N(J3)>0,N(M2)>0)),"Falta cerrar el Saldo L2 de este dia. ","")&IF(AND(H3<>"",SUMPRODUCT((Registros!$C$2:$C$3000=H3)*ISTEXT(Registros!$AP$2:$AP$3000))>0),"Hay P/L guardado como texto en Registros (no suma). ","")))
A4: =IF(D3="","",IF(G3>=$P$2,MIN(D3,C3),D3)) -> 8 | B4: =IF(A4="","",A4/8) -> 1 | C4: =IF(OR(A4="",B4=""),"",A4+B4) -> 9 | D4: =IF(A4="","",A4+SUMIFS(Registros!$AP:$AP,Registros!$C:$C,H4)) -> 8 | E4: =IF(A4="","",ROUND(A4-8*B4,2)) -> 0 | F4: =IF(OR(D4="",C4=""),"",D4-C4) -> -1 | G4: =IF(G3="","",G3+1) -> 3 | J4: =IF(OR(H4="",D4="",C4="",G4<$P$2),"",MAX(0,ROUND(D4-C4,2))) | L4: =IF(NOT(ISNUMBER(K4)),"",ROUND(K4-N(M3)-N(J4),2)) | M4: =IF(ISNUMBER(K4),K4,N(M3)) -> 0 | N4: =IF(AND(H4="",K4=""),"",TRIM(IF(AND(H4<>"",NOT(AND(LEN(H4)=10,MID(H4,5,1)="-",MID(H4,8,1)="-"))),"Fecha con formato invalido (usa AAAA-MM-DD). ","")&IF(AND(H4<>"",COUNTIF($H$2:$H$367,H4)>1),"Fecha repetida en otro dia. ","")&IF(AND(H4<>"",H3<>"",H4<=H3),"La fecha no es posterior a la del dia anterior. ","")&IF(AND(H4<>"",ISNUMBER(A4),ISNUMBER(D3),ISNUMBER(C3),ABS(A4-IF(G3>=$P$2,MIN(D3,C3),D3))>0.005),"Bank roll inicial no sigue la regla del dia anterior (alguien sobrescribio la formula). ","")&IF(AND(H4<>"",ISNUMBER(B4),ISNUMBER(A4),ABS(B4-A4/8)>0.00001),"Stake distinto de Bank roll/8. ","")&IF(AND(H4<>"",ISNUMBER(E4),ABS(E4)>0.005),"Residuo distinto de 0. ","")&IF(AND(K4<>"",OR(NOT(ISNUMBER(K4)),N(K4)<0)),"Saldo L2 no numerico o negativo. ","")&IF(AND(H4<>"",H4<TEXT(TODAY(),"yyyy-mm-dd"),G4>=$P$2,K4="",OR(N(J4)>0,N(M3)>0)),"Falta cerrar el Saldo L2 de este dia. ","")&IF(AND(H4<>"",SUMPRODUCT((Registros!$C$2:$C$3000=H4)*ISTEXT(Registros!$AP$2:$AP$3000))>0),"Hay P/L guardado como texto en Registros (no suma). ","")))
A5: =IF(D4="","",IF(G4>=$P$2,MIN(D4,C4),D4)) -> 8 | B5: =IF(A5="","",A5/8) -> 1 | C5: =IF(OR(A5="",B5=""),"",A5+B5) -> 9 | D5: =IF(A5="","",A5+SUMIFS(Registros!$AP:$AP,Registros!$C:$C,H5)) -> 8 | E5: =IF(A5="","",ROUND(A5-8*B5,2)) -> 0 | F5: =IF(OR(D5="",C5=""),"",D5-C5) -> -1 | G5: =IF(G4="","",G4+1) -> 4 | J5: =IF(OR(H5="",D5="",C5="",G5<$P$2),"",MAX(0,ROUND(D5-C5,2))) | L5: =IF(NOT(ISNUMBER(K5)),"",ROUND(K5-N(M4)-N(J5),2)) | M5: =IF(ISNUMBER(K5),K5,N(M4)) -> 0 | N5: =IF(AND(H5="",K5=""),"",TRIM(IF(AND(H5<>"",NOT(AND(LEN(H5)=10,MID(H5,5,1)="-",MID(H5,8,1)="-"))),"Fecha con formato invalido (usa AAAA-MM-DD). ","")&IF(AND(H5<>"",COUNTIF($H$2:$H$367,H5)>1),"Fecha repetida en otro dia. ","")&IF(AND(H5<>"",H4<>"",H5<=H4),"La fecha no es posterior a la del dia anterior. ","")&IF(AND(H5<>"",ISNUMBER(A5),ISNUMBER(D4),ISNUMBER(C4),ABS(A5-IF(G4>=$P$2,MIN(D4,C4),D4))>0.005),"Bank roll inicial no sigue la regla del dia anterior (alguien sobrescribio la formula). ","")&IF(AND(H5<>"",ISNUMBER(B5),ISNUMBER(A5),ABS(B5-A5/8)>0.00001),"Stake distinto de Bank roll/8. ","")&IF(AND(H5<>"",ISNUMBER(E5),ABS(E5)>0.005),"Residuo distinto de 0. ","")&IF(AND(K5<>"",OR(NOT(ISNUMBER(K5)),N(K5)<0)),"Saldo L2 no numerico o negativo. ","")&IF(AND(H5<>"",H5<TEXT(TODAY(),"yyyy-mm-dd"),G5>=$P$2,K5="",OR(N(J5)>0,N(M4)>0)),"Falta cerrar el Saldo L2 de este dia. ","")&IF(AND(H5<>"",SUMPRODUCT((Registros!$C$2:$C$3000=H5)*ISTEXT(Registros!$AP$2:$AP$3000))>0),"Hay P/L guardado como texto en Registros (no suma). ","")))
A6: =IF(D5="","",IF(G5>=$P$2,MIN(D5,C5),D5)) -> 8 | B6: =IF(A6="","",A6/8) -> 1 | C6: =IF(OR(A6="",B6=""),"",A6+B6) -> 9 | D6: =IF(A6="","",A6+SUMIFS(Registros!$AP:$AP,Registros!$C:$C,H6)) -> 8 | E6: =IF(A6="","",ROUND(A6-8*B6,2)) -> 0 | F6: =IF(OR(D6="",C6=""),"",D6-C6) -> -1 | G6: =IF(G5="","",G5+1) -> 5 | J6: =IF(OR(H6="",D6="",C6="",G6<$P$2),"",MAX(0,ROUND(D6-C6,2))) | L6: =IF(NOT(ISNUMBER(K6)),"",ROUND(K6-N(M5)-N(J6),2)) | M6: =IF(ISNUMBER(K6),K6,N(M5)) -> 0 | N6: =IF(AND(H6="",K6=""),"",TRIM(IF(AND(H6<>"",NOT(AND(LEN(H6)=10,MID(H6,5,1)="-",MID(H6,8,1)="-"))),"Fecha con formato invalido (usa AAAA-MM-DD). ","")&IF(AND(H6<>"",COUNTIF($H$2:$H$367,H6)>1),"Fecha repetida en otro dia. ","")&IF(AND(H6<>"",H5<>"",H6<=H5),"La fecha no es posterior a la del dia anterior. ","")&IF(AND(H6<>"",ISNUMBER(A6),ISNUMBER(D5),ISNUMBER(C5),ABS(A6-IF(G5>=$P$2,MIN(D5,C5),D5))>0.005),"Bank roll inicial no sigue la regla del dia anterior (alguien sobrescribio la formula). ","")&IF(AND(H6<>"",ISNUMBER(B6),ISNUMBER(A6),ABS(B6-A6/8)>0.00001),"Stake distinto de Bank roll/8. ","")&IF(AND(H6<>"",ISNUMBER(E6),ABS(E6)>0.005),"Residuo distinto de 0. ","")&IF(AND(K6<>"",OR(NOT(ISNUMBER(K6)),N(K6)<0)),"Saldo L2 no numerico o negativo. ","")&IF(AND(H6<>"",H6<TEXT(TODAY(),"yyyy-mm-dd"),G6>=$P$2,K6="",OR(N(J6)>0,N(M5)>0)),"Falta cerrar el Saldo L2 de este dia. ","")&IF(AND(H6<>"",SUMPRODUCT((Registros!$C$2:$C$3000=H6)*ISTEXT(Registros!$AP$2:$AP$3000))>0),"Hay P/L guardado como texto en Registros (no suma). ","")))
A7: =IF(D6="","",IF(G6>=$P$2,MIN(D6,C6),D6)) -> 8 | B7: =IF(A7="","",A7/8) -> 1 | C7: =IF(OR(A7="",B7=""),"",A7+B7) -> 9 | D7: =IF(A7="","",A7+SUMIFS(Registros!$AP:$AP,Registros!$C:$C,H7)) -> 8 | E7: =IF(A7="","",ROUND(A7-8*B7,2)) -> 0 | F7: =IF(OR(D7="",C7=""),"",D7-C7) -> -1 | G7: =IF(G6="","",G6+1) -> 6 | J7: =IF(OR(H7="",D7="",C7="",G7<$P$2),"",MAX(0,ROUND(D7-C7,2))) | L7: =IF(NOT(ISNUMBER(K7)),"",ROUND(K7-N(M6)-N(J7),2)) | M7: =IF(ISNUMBER(K7),K7,N(M6)) -> 0 | N7: =IF(AND(H7="",K7=""),"",TRIM(IF(AND(H7<>"",NOT(AND(LEN(H7)=10,MID(H7,5,1)="-",MID(H7,8,1)="-"))),"Fecha con formato invalido (usa AAAA-MM-DD). ","")&IF(AND(H7<>"",COUNTIF($H$2:$H$367,H7)>1),"Fecha repetida en otro dia. ","")&IF(AND(H7<>"",H6<>"",H7<=H6),"La fecha no es posterior a la del dia anterior. ","")&IF(AND(H7<>"",ISNUMBER(A7),ISNUMBER(D6),ISNUMBER(C6),ABS(A7-IF(G6>=$P$2,MIN(D6,C6),D6))>0.005),"Bank roll inicial no sigue la regla del dia anterior (alguien sobrescribio la formula). ","")&IF(AND(H7<>"",ISNUMBER(B7),ISNUMBER(A7),ABS(B7-A7/8)>0.00001),"Stake distinto de Bank roll/8. ","")&IF(AND(H7<>"",ISNUMBER(E7),ABS(E7)>0.005),"Residuo distinto de 0. ","")&IF(AND(K7<>"",OR(NOT(ISNUMBER(K7)),N(K7)<0)),"Saldo L2 no numerico o negativo. ","")&IF(AND(H7<>"",H7<TEXT(TODAY(),"yyyy-mm-dd"),G7>=$P$2,K7="",OR(N(J7)>0,N(M6)>0)),"Falta cerrar el Saldo L2 de este dia. ","")&IF(AND(H7<>"",SUMPRODUCT((Registros!$C$2:$C$3000=H7)*ISTEXT(Registros!$AP$2:$AP$3000))>0),"Hay P/L guardado como texto en Registros (no suma). ","")))
A8: =IF(D7="","",IF(G7>=$P$2,MIN(D7,C7),D7)) -> 8 | B8: =IF(A8="","",A8/8) -> 1 | C8: =IF(OR(A8="",B8=""),"",A8+B8) -> 9 | D8: =IF(A8="","",A8+SUMIFS(Registros!$AP:$AP,Registros!$C:$C,H8)) -> 8 | E8: =IF(A8="","",ROUND(A8-8*B8,2)) -> 0 | F8: =IF(OR(D8="",C8=""),"",D8-C8) -> -1 | G8: =IF(G7="","",G7+1) -> 7 | J8: =IF(OR(H8="",D8="",C8="",G8<$P$2),"",MAX(0,ROUND(D8-C8,2))) | L8: =IF(NOT(ISNUMBER(K8)),"",ROUND(K8-N(M7)-N(J8),2)) | M8: =IF(ISNUMBER(K8),K8,N(M7)) -> 0 | N8: =IF(AND(H8="",K8=""),"",TRIM(IF(AND(H8<>"",NOT(AND(LEN(H8)=10,MID(H8,5,1)="-",MID(H8,8,1)="-"))),"Fecha con formato invalido (usa AAAA-MM-DD). ","")&IF(AND(H8<>"",COUNTIF($H$2:$H$367,H8)>1),"Fecha repetida en otro dia. ","")&IF(AND(H8<>"",H7<>"",H8<=H7),"La fecha no es posterior a la del dia anterior. ","")&IF(AND(H8<>"",ISNUMBER(A8),ISNUMBER(D7),ISNUMBER(C7),ABS(A8-IF(G7>=$P$2,MIN(D7,C7),D7))>0.005),"Bank roll inicial no sigue la regla del dia anterior (alguien sobrescribio la formula). ","")&IF(AND(H8<>"",ISNUMBER(B8),ISNUMBER(A8),ABS(B8-A8/8)>0.00001),"Stake distinto de Bank roll/8. ","")&IF(AND(H8<>"",ISNUMBER(E8),ABS(E8)>0.005),"Residuo distinto de 0. ","")&IF(AND(K8<>"",OR(NOT(ISNUMBER(K8)),N(K8)<0)),"Saldo L2 no numerico o negativo. ","")&IF(AND(H8<>"",H8<TEXT(TODAY(),"yyyy-mm-dd"),G8>=$P$2,K8="",OR(N(J8)>0,N(M7)>0)),"Falta cerrar el Saldo L2 de este dia. ","")&IF(AND(H8<>"",SUMPRODUCT((Registros!$C$2:$C$3000=H8)*ISTEXT(Registros!$AP$2:$AP$3000))>0),"Hay P/L guardado como texto en Registros (no suma). ","")))
A9: =IF(D8="","",IF(G8>=$P$2,MIN(D8,C8),D8)) -> 8 | B9: =IF(A9="","",A9/8) -> 1 | C9: =IF(OR(A9="",B9=""),"",A9+B9) -> 9 | D9: =IF(A9="","",A9+SUMIFS(Registros!$AP:$AP,Registros!$C:$C,H9)) -> 8 | E9: =IF(A9="","",ROUND(A9-8*B9,2)) -> 0 | F9: =IF(OR(D9="",C9=""),"",D9-C9) -> -1 | G9: =IF(G8="","",G8+1) -> 8 | J9: =IF(OR(H9="",D9="",C9="",G9<$P$2),"",MAX(0,ROUND(D9-C9,2))) | L9: =IF(NOT(ISNUMBER(K9)),"",ROUND(K9-N(M8)-N(J9),2)) | M9: =IF(ISNUMBER(K9),K9,N(M8)) -> 0 | N9: =IF(AND(H9="",K9=""),"",TRIM(IF(AND(H9<>"",NOT(AND(LEN(H9)=10,MID(H9,5,1)="-",MID(H9,8,1)="-"))),"Fecha con formato invalido (usa AAAA-MM-DD). ","")&IF(AND(H9<>"",COUNTIF($H$2:$H$367,H9)>1),"Fecha repetida en otro dia. ","")&IF(AND(H9<>"",H8<>"",H9<=H8),"La fecha no es posterior a la del dia anterior. ","")&IF(AND(H9<>"",ISNUMBER(A9),ISNUMBER(D8),ISNUMBER(C8),ABS(A9-IF(G8>=$P$2,MIN(D8,C8),D8))>0.005),"Bank roll inicial no sigue la regla del dia anterior (alguien sobrescribio la formula). ","")&IF(AND(H9<>"",ISNUMBER(B9),ISNUMBER(A9),ABS(B9-A9/8)>0.00001),"Stake distinto de Bank roll/8. ","")&IF(AND(H9<>"",ISNUMBER(E9),ABS(E9)>0.005),"Residuo distinto de 0. ","")&IF(AND(K9<>"",OR(NOT(ISNUMBER(K9)),N(K9)<0)),"Saldo L2 no numerico o negativo. ","")&IF(AND(H9<>"",H9<TEXT(TODAY(),"yyyy-mm-dd"),G9>=$P$2,K9="",OR(N(J9)>0,N(M8)>0)),"Falta cerrar el Saldo L2 de este dia. ","")&IF(AND(H9<>"",SUMPRODUCT((Registros!$C$2:$C$3000=H9)*ISTEXT(Registros!$AP$2:$AP$3000))>0),"Hay P/L guardado como texto en Registros (no suma). ","")))
A10: =IF(D9="","",IF(G9>=$P$2,MIN(D9,C9),D9)) -> 8 | B10: =IF(A10="","",A10/8) -> 1 | C10: =IF(OR(A10="",B10=""),"",A10+B10) -> 9 | D10: =IF(A10="","",A10+SUMIFS(Registros!$AP:$AP,Registros!$C:$C,H10)) -> 8 | E10: =IF(A10="","",ROUND(A10-8*B10,2)) -> 0 | F10: =IF(OR(D10="",C10=""),"",D10-C10) -> -1 | G10: =IF(G9="","",G9+1) -> 9 | J10: =IF(OR(H10="",D10="",C10="",G10<$P$2),"",MAX(0,ROUND(D10-C10,2))) | L10: =IF(NOT(ISNUMBER(K10)),"",ROUND(K10-N(M9)-N(J10),2)) | M10: =IF(ISNUMBER(K10),K10,N(M9)) -> 0 | N10: =IF(AND(H10="",K10=""),"",TRIM(IF(AND(H10<>"",NOT(AND(LEN(H10)=10,MID(H10,5,1)="-",MID(H10,8,1)="-"))),"Fecha con formato invalido (usa AAAA-MM-DD). ","")&IF(AND(H10<>"",COUNTIF($H$2:$H$367,H10)>1),"Fecha repetida en otro dia. ","")&IF(AND(H10<>"",H9<>"",H10<=H9),"La fecha no es posterior a la del dia anterior. ","")&IF(AND(H10<>"",ISNUMBER(A10),ISNUMBER(D9),ISNUMBER(C9),ABS(A10-IF(G9>=$P$2,MIN(D9,C9),D9))>0.005),"Bank roll inicial no sigue la regla del dia anterior (alguien sobrescribio la formula). ","")&IF(AND(H10<>"",ISNUMBER(B10),ISNUMBER(A10),ABS(B10-A10/8)>0.00001),"Stake distinto de Bank roll/8. ","")&IF(AND(H10<>"",ISNUMBER(E10),ABS(E10)>0.005),"Residuo distinto de 0. ","")&IF(AND(K10<>"",OR(NOT(ISNUMBER(K10)),N(K10)<0)),"Saldo L2 no numerico o negativo. ","")&IF(AND(H10<>"",H10<TEXT(TODAY(),"yyyy-mm-dd"),G10>=$P$2,K10="",OR(N(J10)>0,N(M9)>0)),"Falta cerrar el Saldo L2 de este dia. ","")&IF(AND(H10<>"",SUMPRODUCT((Registros!$C$2:$C$3000=H10)*ISTEXT(Registros!$AP$2:$AP$3000))>0),"Hay P/L guardado como texto en Registros (no suma). ","")))
A11: =IF(D10="","",IF(G10>=$P$2,MIN(D10,C10),D10)) -> 8 | B11: =IF(A11="","",A11/8) -> 1 | C11: =IF(OR(A11="",B11=""),"",A11+B11) -> 9 | D11: =IF(A11="","",A11+SUMIFS(Registros!$AP:$AP,Registros!$C:$C,H11)) -> 8 | E11: =IF(A11="","",ROUND(A11-8*B11,2)) -> 0 | F11: =IF(OR(D11="",C11=""),"",D11-C11) -> -1 | G11: =IF(G10="","",G10+1) -> 10 | J11: =IF(OR(H11="",D11="",C11="",G11<$P$2),"",MAX(0,ROUND(D11-C11,2))) | L11: =IF(NOT(ISNUMBER(K11)),"",ROUND(K11-N(M10)-N(J11),2)) | M11: =IF(ISNUMBER(K11),K11,N(M10)) -> 0 | N11: =IF(AND(H11="",K11=""),"",TRIM(IF(AND(H11<>"",NOT(AND(LEN(H11)=10,MID(H11,5,1)="-",MID(H11,8,1)="-"))),"Fecha con formato invalido (usa AAAA-MM-DD). ","")&IF(AND(H11<>"",COUNTIF($H$2:$H$367,H11)>1),"Fecha repetida en otro dia. ","")&IF(AND(H11<>"",H10<>"",H11<=H10),"La fecha no es posterior a la del dia anterior. ","")&IF(AND(H11<>"",ISNUMBER(A11),ISNUMBER(D10),ISNUMBER(C10),ABS(A11-IF(G10>=$P$2,MIN(D10,C10),D10))>0.005),"Bank roll inicial no sigue la regla del dia anterior (alguien sobrescribio la formula). ","")&IF(AND(H11<>"",ISNUMBER(B11),ISNUMBER(A11),ABS(B11-A11/8)>0.00001),"Stake distinto de Bank roll/8. ","")&IF(AND(H11<>"",ISNUMBER(E11),ABS(E11)>0.005),"Residuo distinto de 0. ","")&IF(AND(K11<>"",OR(NOT(ISNUMBER(K11)),N(K11)<0)),"Saldo L2 no numerico o negativo. ","")&IF(AND(H11<>"",H11<TEXT(TODAY(),"yyyy-mm-dd"),G11>=$P$2,K11="",OR(N(J11)>0,N(M10)>0)),"Falta cerrar el Saldo L2 de este dia. ","")&IF(AND(H11<>"",SUMPRODUCT((Registros!$C$2:$C$3000=H11)*ISTEXT(Registros!$AP$2:$AP$3000))>0),"Hay P/L guardado como texto en Registros (no suma). ","")))
A12: =IF(D11="","",IF(G11>=$P$2,MIN(D11,C11),D11)) -> 8 | B12: =IF(A12="","",A12/8) -> 1 | C12: =IF(OR(A12="",B12=""),"",A12+B12) -> 9 | D12: =IF(A12="","",A12+SUMIFS(Registros!$AP:$AP,Registros!$C:$C,H12)) -> 8 | E12: =IF(A12="","",ROUND(A12-8*B12,2)) -> 0 | F12: =IF(OR(D12="",C12=""),"",D12-C12) -> -1 | G12: =IF(G11="","",G11+1) -> 11 | J12: =IF(OR(H12="",D12="",C12="",G12<$P$2),"",MAX(0,ROUND(D12-C12,2))) | L12: =IF(NOT(ISNUMBER(K12)),"",ROUND(K12-N(M11)-N(J12),2)) | M12: =IF(ISNUMBER(K12),K12,N(M11)) -> 0 | N12: =IF(AND(H12="",K12=""),"",TRIM(IF(AND(H12<>"",NOT(AND(LEN(H12)=10,MID(H12,5,1)="-",MID(H12,8,1)="-"))),"Fecha con formato invalido (usa AAAA-MM-DD). ","")&IF(AND(H12<>"",COUNTIF($H$2:$H$367,H12)>1),"Fecha repetida en otro dia. ","")&IF(AND(H12<>"",H11<>"",H12<=H11),"La fecha no es posterior a la del dia anterior. ","")&IF(AND(H12<>"",ISNUMBER(A12),ISNUMBER(D11),ISNUMBER(C11),ABS(A12-IF(G11>=$P$2,MIN(D11,C11),D11))>0.005),"Bank roll inicial no sigue la regla del dia anterior (alguien sobrescribio la formula). ","")&IF(AND(H12<>"",ISNUMBER(B12),ISNUMBER(A12),ABS(B12-A12/8)>0.00001),"Stake distinto de Bank roll/8. ","")&IF(AND(H12<>"",ISNUMBER(E12),ABS(E12)>0.005),"Residuo distinto de 0. ","")&IF(AND(K12<>"",OR(NOT(ISNUMBER(K12)),N(K12)<0)),"Saldo L2 no numerico o negativo. ","")&IF(AND(H12<>"",H12<TEXT(TODAY(),"yyyy-mm-dd"),G12>=$P$2,K12="",OR(N(J12)>0,N(M11)>0)),"Falta cerrar el Saldo L2 de este dia. ","")&IF(AND(H12<>"",SUMPRODUCT((Registros!$C$2:$C$3000=H12)*ISTEXT(Registros!$AP$2:$AP$3000))>0),"Hay P/L guardado como texto en Registros (no suma). ","")))
A13: =IF(D12="","",IF(G12>=$P$2,MIN(D12,C12),D12)) -> 8 | B13: =IF(A13="","",A13/8) -> 1 | C13: =IF(OR(A13="",B13=""),"",A13+B13) -> 9 | D13: =IF(A13="","",A13+SUMIFS(Registros!$AP:$AP,Registros!$C:$C,H13)) -> 8 | E13: =IF(A13="","",ROUND(A13-8*B13,2)) -> 0 | F13: =IF(OR(D13="",C13=""),"",D13-C13) -> -1 | G13: =IF(G12="","",G12+1) -> 12 | J13: =IF(OR(H13="",D13="",C13="",G13<$P$2),"",MAX(0,ROUND(D13-C13,2))) | L13: =IF(NOT(ISNUMBER(K13)),"",ROUND(K13-N(M12)-N(J13),2)) | M13: =IF(ISNUMBER(K13),K13,N(M12)) -> 0 | N13: =IF(AND(H13="",K13=""),"",TRIM(IF(AND(H13<>"",NOT(AND(LEN(H13)=10,MID(H13,5,1)="-",MID(H13,8,1)="-"))),"Fecha con formato invalido (usa AAAA-MM-DD). ","")&IF(AND(H13<>"",COUNTIF($H$2:$H$367,H13)>1),"Fecha repetida en otro dia. ","")&IF(AND(H13<>"",H12<>"",H13<=H12),"La fecha no es posterior a la del dia anterior. ","")&IF(AND(H13<>"",ISNUMBER(A13),ISNUMBER(D12),ISNUMBER(C12),ABS(A13-IF(G12>=$P$2,MIN(D12,C12),D12))>0.005),"Bank roll inicial no sigue la regla del dia anterior (alguien sobrescribio la formula). ","")&IF(AND(H13<>"",ISNUMBER(B13),ISNUMBER(A13),ABS(B13-A13/8)>0.00001),"Stake distinto de Bank roll/8. ","")&IF(AND(H13<>"",ISNUMBER(E13),ABS(E13)>0.005),"Residuo distinto de 0. ","")&IF(AND(K13<>"",OR(NOT(ISNUMBER(K13)),N(K13)<0)),"Saldo L2 no numerico o negativo. ","")&IF(AND(H13<>"",H13<TEXT(TODAY(),"yyyy-mm-dd"),G13>=$P$2,K13="",OR(N(J13)>0,N(M12)>0)),"Falta cerrar el Saldo L2 de este dia. ","")&IF(AND(H13<>"",SUMPRODUCT((Registros!$C$2:$C$3000=H13)*ISTEXT(Registros!$AP$2:$AP$3000))>0),"Hay P/L guardado como texto en Registros (no suma). ","")))
A14: =IF(D13="","",IF(G13>=$P$2,MIN(D13,C13),D13)) -> 8 | B14: =IF(A14="","",A14/8) -> 1 | C14: =IF(OR(A14="",B14=""),"",A14+B14) -> 9 | D14: =IF(A14="","",A14+SUMIFS(Registros!$AP:$AP,Registros!$C:$C,H14)) -> 8 | E14: =IF(A14="","",ROUND(A14-8*B14,2)) -> 0 | F14: =IF(OR(D14="",C14=""),"",D14-C14) -> -1 | G14: =IF(G13="","",G13+1) -> 13 | J14: =IF(OR(H14="",D14="",C14="",G14<$P$2),"",MAX(0,ROUND(D14-C14,2))) | L14: =IF(NOT(ISNUMBER(K14)),"",ROUND(K14-N(M13)-N(J14),2)) | M14: =IF(ISNUMBER(K14),K14,N(M13)) -> 0 | N14: =IF(AND(H14="",K14=""),"",TRIM(IF(AND(H14<>"",NOT(AND(LEN(H14)=10,MID(H14,5,1)="-",MID(H14,8,1)="-"))),"Fecha con formato invalido (usa AAAA-MM-DD). ","")&IF(AND(H14<>"",COUNTIF($H$2:$H$367,H14)>1),"Fecha repetida en otro dia. ","")&IF(AND(H14<>"",H13<>"",H14<=H13),"La fecha no es posterior a la del dia anterior. ","")&IF(AND(H14<>"",ISNUMBER(A14),ISNUMBER(D13),ISNUMBER(C13),ABS(A14-IF(G13>=$P$2,MIN(D13,C13),D13))>0.005),"Bank roll inicial no sigue la regla del dia anterior (alguien sobrescribio la formula). ","")&IF(AND(H14<>"",ISNUMBER(B14),ISNUMBER(A14),ABS(B14-A14/8)>0.00001),"Stake distinto de Bank roll/8. ","")&IF(AND(H14<>"",ISNUMBER(E14),ABS(E14)>0.005),"Residuo distinto de 0. ","")&IF(AND(K14<>"",OR(NOT(ISNUMBER(K14)),N(K14)<0)),"Saldo L2 no numerico o negativo. ","")&IF(AND(H14<>"",H14<TEXT(TODAY(),"yyyy-mm-dd"),G14>=$P$2,K14="",OR(N(J14)>0,N(M13)>0)),"Falta cerrar el Saldo L2 de este dia. ","")&IF(AND(H14<>"",SUMPRODUCT((Registros!$C$2:$C$3000=H14)*ISTEXT(Registros!$AP$2:$AP$3000))>0),"Hay P/L guardado como texto en Registros (no suma). ","")))
... A367: =IF(D366="","",IF(G366>=$P$2,MIN(D366,C366),D366)) -> 8 | B367: =IF(A367="","",A367/8) -> 1 | C367: =IF(OR(A367="",B367=""),"",A367+B367) -> 9 | D367: =IF(A367="","",A367+SUMIFS(Registros!$AP:$AP,Registros!$C:$C,H367)) -> 8 | E367: =IF(A367="","",ROUND(A367-8*B367,2)) -> 0 | F367: =IF(OR(D367="",C367=""),"",D367-C367) -> -1 | G367: =IF(G366="","",G366+1) -> 366 | J367: =IF(OR(H367="",D367="",C367="",G367<$P$2),"",MAX(0,ROUND(D367-C367,2))) | L367: =IF(NOT(ISNUMBER(K367)),"",ROUND(K367-N(M366)-N(J367),2)) | M367: =IF(ISNUMBER(K367),K367,N(M366)) -> 0 | N367: =IF(AND(H367="",K367=""),"",TRIM(IF(AND(H367<>"",NOT(AND(LEN(H367)=10,MID(H367,5,1)="-",MID(H367,8,1)="-"))),"Fecha con formato invalido (usa AAAA-MM-DD). ","")&IF(AND(H367<>"",COUNTIF($H$2:$H$367,H367)>1),"Fecha repetida en otro dia. ","")&IF(AND(H367<>"",H366<>"",H367<=H366),"La fecha no es posterior a la del dia anterior. ","")&IF(AND(H367<>"",ISNUMBER(A367),ISNUMBER(D366),ISNUMBER(C366),ABS(A367-IF(G366>=$P$2,MIN(D366,C366),D366))>0.005),"Bank roll inicial no sigue la regla del dia anterior (alguien sobrescribio la formula). ","")&IF(AND(H367<>"",ISNUMBER(B367),ISNUMBER(A367),ABS(B367-A367/8)>0.00001),"Stake distinto de Bank roll/8. ","")&IF(AND(H367<>"",ISNUMBER(E367),ABS(E367)>0.005),"Residuo distinto de 0. ","")&IF(AND(K367<>"",OR(NOT(ISNUMBER(K367)),N(K367)<0)),"Saldo L2 no numerico o negativo. ","")&IF(AND(H367<>"",H367<TEXT(TODAY(),"yyyy-mm-dd"),G367>=$P$2,K367="",OR(N(J367)>0,N(M366)>0)),"Falta cerrar el Saldo L2 de este dia. ","")&IF(AND(H367<>"",SUMPRODUCT((Registros!$C$2:$C$3000=H367)*ISTEXT(Registros!$AP$2:$AP$3000))>0),"Hay P/L guardado como texto en Registros (no suma). ","")))
